query_index,embedding_ms,retrieval_flat_ms,retrieval_quantized_ms,rerank_ms,vector_only_total_ms,vector_rerank_total_ms
0,17.35,88.07,7.15,2453.71,105.42,2559.13
1,15.79,87.91,8.00,2269.20,103.70,2372.90
2,20.52,88.77,7.99,2127.58,109.29,2236.87
3,23.98,88.58,6.99,2115.02,112.56,2227.58
4,20.47,90.98,7.16,2241.61,111.45,2353.06
5,20.41,91.81,6.87,2003.41,112.22,2115.63
6,17.01,94.06,6.93,2384.50,111.07,2495.57
7,16.29,91.00,7.34,2262.34,107.29,2369.63
8,15.84,91.63,7.21,2413.55,107.47,2521.02
9,17.16,88.94,6.99,2219.71,106.09,2325.80
10,18.10,87.21,8.16,2326.03,105.31,2431.35
11,22.23,90.31,7.38,2361.67,112.54,2474.22
12,15.87,88.68,7.02,2312.46,104.55,2417.02
13,20.60,89.79,7.19,2407.06,110.39,2517.46
14,16.54,88.27,7.90,2389.18,104.81,2493.99
15,18.15,90.44,7.72,2310.00,108.59,2418.59
16,18.18,91.67,8.25,2402.64,109.85,2512.49
17,22.57,88.44,6.99,2575.78,111.00,2686.79
18,18.23,87.15,7.84,2403.18,105.38,2508.56
19,19.33,92.11,6.87,2311.60,111.44,2423.04
20,15.61,92.04,7.65,2514.82,107.65,2622.47
21,15.91,90.62,7.64,2390.54,106.53,2497.07
22,15.14,91.14,9.75,2324.12,106.28,2430.40
23,18.24,101.10,7.01,2001.93,119.34,2121.27
24,20.36,93.34,7.16,2502.62,113.70,2616.32
25,14.88,90.66,7.53,2227.00,105.54,2332.54
26,20.07,87.29,7.75,2075.76,107.35,2183.11
27,21.99,92.39,6.89,2164.49,114.39,2278.87
28,17.66,84.77,6.80,2639.79,102.44,2742.22
29,16.13,85.99,7.30,2336.11,102.11,2438.22
30,17.12,85.25,6.92,2247.00,102.37,2349.37
31,21.78,93.29,6.96,2390.70,115.07,2505.77
32,16.88,92.32,8.35,2461.87,109.20,2571.06
33,21.70,92.34,7.27,2128.22,114.04,2242.27
34,16.56,88.19,6.94,2608.49,104.75,2713.23
35,15.47,90.20,6.67,2186.51,105.67,2292.18
36,19.90,86.58,7.31,2312.83,106.48,2419.31
37,17.68,91.98,7.45,2339.84,109.66,2449.50
38,21.70,94.27,6.89,2492.24,115.96,2608.20
39,20.98,93.47,7.34,2102.94,114.46,2217.40
40,17.71,87.79,6.92,2151.41,105.50,2256.92
41,20.90,87.84,8.36,2480.37,108.74,2589.10
42,17.76,98.98,9.01,2276.71,116.74,2393.45
43,17.16,94.11,8.43,2573.45,111.27,2684.72
44,18.92,95.24,7.76,2680.49,114.16,2794.65
45,22.04,101.94,18.77,2711.05,123.98,2835.04
46,25.06,90.74,7.77,2355.66,115.80,2471.46
47,20.25,89.17,7.38,2480.09,109.43,2589.52
48,20.49,85.29,6.67,2489.77,105.78,2595.55
49,17.35,92.11,6.66,2549.82,109.46,2659.28
50,16.02,89.80,7.20,2454.32,105.82,2560.14
51,14.60,89.91,7.32,2168.83,104.51,2273.34
52,20.08,91.66,6.80,2351.75,111.73,2463.48
53,14.80,92.74,7.39,2243.12,107.53,2350.65
54,14.82,87.63,8.52,2242.69,102.45,2345.14
55,18.28,94.91,7.08,2195.17,113.19,2308.37
56,21.09,92.28,6.75,2293.00,113.37,2406.37
57,16.06,89.27,6.74,2335.18,105.34,2440.51
58,21.14,87.35,6.89,2284.97,108.49,2393.46
59,15.47,90.17,6.74,2407.37,105.64,2513.02
60,17.73,87.67,6.82,2486.66,105.40,2592.06
61,20.93,91.44,10.28,1968.73,112.37,2081.10
62,22.32,100.01,7.07,552.66,122.33,674.98
63,16.93,87.59,7.32,562.04,104.52,666.56
64,16.65,87.39,7.75,572.62,104.04,676.66
65,15.36,91.01,6.32,656.07,106.37,762.44
66,21.50,86.31,6.53,625.14,107.80,732.94
67,16.70,94.24,6.51,747.99,110.94,858.92
68,22.95,96.57,7.69,2983.58,119.52,3103.11
69,22.74,109.40,8.71,2953.94,132.14,3086.08
70,17.69,94.04,7.09,2955.21,111.73,3066.95
71,17.74,92.27,7.56,2926.39,110.01,3036.40
72,17.41,89.99,7.65,2923.49,107.40,3030.89
73,16.95,97.17,9.79,2935.12,114.12,3049.24
74,20.20,96.71,9.22,2507.33,116.90,2624.23
75,20.95,94.67,8.24,2953.71,115.61,3069.32
76,21.02,93.98,10.10,2801.72,115.00,2916.72
77,19.55,102.51,8.72,2842.14,122.06,2964.20
78,15.53,96.90,9.66,3443.56,112.43,3555.99
79,23.18,107.60,9.84,3116.78,130.78,3247.56
80,20.05,99.77,9.22,3011.97,119.82,3131.79
81,15.62,98.46,10.63,3022.78,114.08,3136.86
82,20.70,102.47,9.69,2990.90,123.16,3114.07
83,20.18,97.15,9.80,3027.26,117.33,3144.59
84,19.93,98.93,9.98,3031.12,118.86,3149.98
85,20.05,104.46,9.18,2960.87,124.51,3085.38
86,22.62,110.87,11.91,2968.11,133.50,3101.61
87,25.10,111.65,10.43,2636.86,136.74,2773.60
88,22.58,98.97,9.89,2942.44,121.55,3063.99
89,16.98,105.70,9.95,3104.00,122.69,3226.68
90,24.08,214.07,10.26,2739.67,238.15,2977.82
91,36.91,147.51,16.37,3198.40,184.43,3382.83
92,29.47,139.27,46.74,3175.63,168.75,3344.38
93,65.84,165.23,16.80,3137.22,231.07,3368.28
94,21.56,108.86,15.21,3377.71,130.42,3508.13
95,24.31,133.68,14.29,3018.80,157.99,3176.79
96,25.00,115.16,13.42,3123.94,140.15,3264.09
97,23.10,118.35,12.08,2931.56,141.45,3073.01
98,20.27,160.99,31.55,3137.72,181.27,3318.99
99,23.68,146.21,13.96,3260.15,169.89,3430.04
100,21.33,189.05,11.58,3236.69,210.37,3447.06
101,24.16,104.98,14.31,2822.63,129.14,2951.77
102,16.99,106.56,15.94,2815.88,123.55,2939.43
103,17.43,131.78,13.31,2842.27,149.21,2991.49
104,20.88,128.24,39.80,2902.23,149.12,3051.35
105,18.29,106.61,22.75,3134.13,124.90,3259.03
106,18.82,101.76,14.33,2724.18,120.59,2844.77
107,16.64,104.34,12.31,2962.88,120.98,3083.87
108,18.55,126.74,13.26,2608.61,145.29,2753.90
109,15.73,93.43,12.13,2094.75,109.16,2203.91
110,17.33,97.95,22.88,2077.00,115.28,2192.28
111,15.34,94.53,20.46,2077.69,109.87,2187.56
112,16.03,95.20,18.21,2407.52,111.23,2518.75
113,24.34,109.09,14.74,3170.92,133.44,3304.35
114,23.17,120.17,13.37,2951.97,143.33,3095.31
115,23.19,112.28,12.63,3056.13,135.47,3191.60
116,17.35,122.77,26.93,3102.07,140.12,3242.19
117,21.68,101.87,14.80,3148.95,123.55,3272.50
118,16.84,103.37,10.70,3099.18,120.20,3219.39
119,16.80,103.77,11.51,3173.17,120.57,3293.74
120,19.66,111.08,12.06,2437.48,130.74,2568.22
121,16.42,101.86,12.54,2987.43,118.27,3105.71
122,24.82,199.25,27.12,3400.98,224.07,3625.04
123,23.27,184.04,15.91,3488.16,207.31,3695.48
124,21.20,128.87,17.12,3311.39,150.07,3461.46
125,19.36,107.99,12.42,3232.95,127.35,3360.30
126,17.84,107.13,18.98,3215.11,124.97,3340.07
127,19.03,104.92,16.96,3014.71,123.94,3138.65
128,20.31,118.32,31.09,3355.21,138.63,3493.84
129,23.34,163.59,15.64,3243.02,186.93,3429.95
130,18.32,148.44,19.10,3291.27,166.76,3458.03
131,23.94,130.11,14.30,3285.45,154.06,3439.51
132,18.93,127.21,14.85,3399.34,146.13,3545.47
133,20.80,165.72,20.20,3339.08,186.52,3525.59
134,29.20,171.41,28.61,3215.29,200.60,3415.90
135,25.59,111.52,15.49,3262.41,137.11,3399.51
136,19.28,120.68,20.83,3064.65,139.96,3204.61
137,22.29,130.69,11.83,3143.92,152.97,3296.89
138,17.63,107.11,19.99,3216.62,124.74,3341.36
139,21.44,106.11,13.74,3237.05,127.56,3364.60
140,20.31,140.47,30.64,3319.80,160.78,3480.58
141,24.39,164.18,17.97,3237.02,188.57,3425.59
142,21.49,110.06,16.04,3188.49,131.55,3320.04
143,18.23,109.04,9.87,3215.37,127.27,3342.64
144,17.72,110.17,19.41,3163.21,127.89,3291.11
145,20.25,107.71,16.71,3234.80,127.96,3362.75
146,20.67,123.94,26.60,3202.21,144.61,3346.82
147,23.77,121.64,19.74,3124.74,145.41,3270.15
148,22.19,104.92,15.58,3163.57,127.10,3290.68
149,18.85,107.97,14.24,3140.65,126.83,3267.48
150,19.36,106.31,23.41,3652.01,125.68,3777.69
151,36.91,210.15,14.23,3836.55,247.06,4083.62
152,23.23,168.65,37.76,3804.81,191.89,3996.70
153,37.01,186.42,19.72,3893.13,223.43,4116.56
154,32.92,172.75,16.64,3808.49,205.67,4014.16
155,25.78,134.34,14.83,3978.32,160.12,4138.44
156,23.35,150.92,20.59,3825.02,174.27,3999.29
157,28.37,157.29,14.85,3847.21,185.66,4032.87
158,32.21,173.25,40.48,4024.49,205.46,4229.95
159,32.49,152.49,17.55,3961.10,184.98,4146.08
160,29.38,150.18,19.86,3830.20,179.56,4009.76
161,23.47,140.85,14.02,3887.28,164.32,4051.61
162,29.12,146.82,21.53,3822.22,175.94,3998.15
163,26.43,147.76,17.52,3851.87,174.19,4026.06
164,39.90,159.14,34.71,1188.03,199.04,1387.07
165,28.90,134.60,23.81,1110.09,163.50,1273.60
166,29.70,137.45,21.20,1097.65,167.16,1264.81
167,40.70,136.63,18.72,1067.97,177.33,1245.30
168,27.08,133.49,16.88,846.35,160.57,1006.93
169,27.22,132.99,15.14,771.31,160.21,931.52
